Buzz,150
Podz,700
baboulinet,50
baboulinet,50
julien,50
Oups,180
Oups,180
Oups,180
Oups,180
Oups,180
Oups,180
Oups,180
Oups,180
Oups,180
Oups,180
Oups,180
Oups,180
Oups,180
Oups,180
Oups,180
Oups,180
Oups,180
Oups,180
Oups,180
Oups,180
Oups,180
Oups,180
Oups,180
Oups,180
Oups,180
Oups,180
Oups,180
Paul,160
Paul,160
Paul,160
Paul,160
Paul,160
Paul,160
Paul,160
Paul,160
Paul,160
Paul,160
Paul,160
Paul,160
Paul,160
Paul,160
Paul,160
Paul,160
Paul,160
Paul,160
Pierre,130
TheBest,320
Yohann,120
Lucien,90
Podz,1300
